
CustomerID,FirstName,LastName,Phone,Email,RegistrationDate
1,Bethany,Crinkley,747-154-2353,bcrinkley0@devhub.com,10/26/2025
2,Gilligan,Leathley,879-521-4072,gleathley1@people.com.cn,11/13/2025
3,Vivie,Hollyard,141-552-7335,vhollyard2@shop-pro.jp,7/20/2025
4,Janenna,Shelly,468-431-0987,jshelly3@pen.io,5/16/2025
5,Agneta,Huitt,911-811-7502,ahuitt4@examiner.com,6/27/2025
6,Shelagh,McGuffog,464-749-8455,smcguffog5@icio.us,4/26/2025
7,Erica,Jurisch,915-336-8482,ejurisch6@va.gov,6/13/2025
8,Foster,Figg,579-573-2780,ffigg7@cdc.gov,2/21/2025
9,Marin,Tetsall,994-268-7834,mtetsall8@soundcloud.com,10/6/2025
10,Nan,Whapham,599-468-2348,nwhapham9@a8.net,10/10/2025
11,Brigham,Adrian,904-903-5062,badriana@howstuffworks.com,6/11/2025
12,Zandra,Myers,728-280-1303,zmyersb@cbsnews.com,7/14/2025
13,Nessi,Greenwood,634-505-0348,ngreenwoodc@meetup.com,12/9/2025
14,Mignonne,Daintith,684-293-7005,mdaintithd@symantec.com,4/3/2025
15,Joeann,Waymont,306-366-8536,jwaymonte@mail.ru,9/20/2025
16,Jerry,Bartlomiejczyk,137-765-2552,jbartlomiejczykf@blogger.com,10/20/2025
17,Jesselyn,Hunnybun,413-264-9429,jhunnybung@nps.gov,10/25/2025
18,Caril,Broggetti,417-996-2242,cbroggettih@clickbank.net,4/26/2025
19,Branden,Rearden,756-748-4161,breardeni@ihg.com,7/30/2025
20,Shea,Stoade,372-198-7813,sstoadej@mashable.com,8/9/2025
21,Latrena,Flori,489-915-7975,lflorik@shinystat.com,12/11/2025
22,Agosto,Candey,810-690-1231,acandeyl@lulu.com,9/19/2025
23,Hilary,Bellingham,783-442-0530,hbellinghamm@etsy.com,3/11/2025
24,Dan,Pleaden,453-706-9815,dpleadenn@e-recht24.de,10/19/2025
25,Storm,Falks,584-557-5907,sfalkso@networkadvertising.org,5/28/2025
26,Pauly,Losty,178-715-0717,plostyp@vistaprint.com,12/1/2025
27,Hailey,Austick,702-472-0391,haustickq@reverbnation.com,4/6/2025
28,Rosalie,Nizard,715-412-8717,rnizardr@cnn.com,1/22/2025
29,Titus,Escoffrey,366-373-9529,tescoffreys@sbwire.com,7/24/2025
30,Archer,Paten,549-301-1783,apatent@marriott.com,4/13/2025
31,Bobby,Carlos,589-202-0028,bcarlosu@topsy.com,2/21/2025
32,Idell,O' Meara,817-645-1197,iomearav@homestead.com,5/16/2025
33,Blanch,Perigeaux,516-811-1443,bperigeauxw@wisc.edu,1/21/2025
34,Gipsy,Krabbe,519-583-3126,gkrabbex@studiopress.com,2/26/2025
35,Dorrie,Auger,454-861-1362,daugery@hexun.com,1/20/2025
36,Nixie,Sedgemore,210-370-1122,nsedgemorez@businessinsider.com,5/13/2025
37,Casandra,Pitrollo,433-684-9934,cpitrollo10@economist.com,8/17/2025
38,Eartha,Storry,337-742-7284,estorry11@printfriendly.com,2/15/2025
39,Raymond,Ead,681-149-4562,read12@ocn.ne.jp,6/19/2025
40,Becky,Esmonde,110-911-8427,besmonde13@vk.com,6/19/2025
41,Lanette,Guillain,491-977-6041,lguillain14@csmonitor.com,12/5/2025
42,Prinz,Renvoise,243-302-0359,prenvoise15@t.co,2/28/2025
43,Wells,Hefforde,383-194-4066,whefforde16@nymag.com,6/15/2025
44,Danny,Beretta,478-256-8872,dberetta17@state.gov,7/1/2025
45,Teddy,Boffin,823-473-6753,tboffin18@infoseek.co.jp,11/29/2025
46,Olympie,Gashion,349-308-6777,ogashion19@latimes.com,9/10/2025
47,Karoly,Mattiussi,601-912-2163,kmattiussi1a@istockphoto.com,11/22/2025
48,Irv,Blakiston,179-712-7051,iblakiston1b@cnet.com,11/17/2025
49,Marlane,Gladbeck,826-123-5382,mgladbeck1c@topsy.com,10/11/2025
50,Hermann,Jeffree,554-665-9602,hjeffree1d@google.com,3/4/2025
