id,first_name,last_name,email,phone
1,Kahaleel,McSwan,kmcswan0@dot.gov,638-503-5653
2,Willey,Atkyns,watkyns1@intel.com,865-548-0476
3,Stephanie,Melesk,smelesk2@histats.com,616-863-8040
4,Willi,Grahlmans,wgrahlmans3@admin.ch,197-708-3260
5,Rasia,Otham,rotham4@cnet.com,326-144-8902
6,Yettie,Shorter,yshorter5@taobao.com,381-346-2201
7,Eleanor,Dincke,edincke6@businesswire.com,681-610-1380
8,Kellen,Mustarde,kmustarde7@harvard.edu,856-159-9923
9,Noreen,Llewhellin,nllewhellin8@deliciousdays.com,511-768-1601
10,Tricia,Duffield,tduffield9@pagesperso-orange.fr,344-198-9930
11,Ludwig,Goodson,lgoodsona@blogtalkradio.com,560-566-3497
12,Thain,Sergison,tsergisonb@issuu.com,368-976-6811
13,Dannel,Jezzard,djezzardc@cdbaby.com,683-345-9391
14,Stevana,Ackred,sackredd@sitemeter.com,215-232-0581
15,Alfred,Pryde,aprydee@wiley.com,300-190-6562
16,Vaughn,Isselee,visseleef@kickstarter.com,708-113-9782
17,Xenia,Wixey,xwixeyg@microsoft.com,856-865-5149
18,Tiebout,Huntress,thuntressh@is.gd,910-627-5343
19,Brendis,Bawles,bbawlesi@walmart.com,139-647-9651
20,Arlen,Garmanson,agarmansonj@mapy.cz,809-623-7142
21,Cymbre,Otteridge,cotteridgek@webmd.com,515-580-6972
22,Karon,Lardeux,klardeuxl@mtv.com,320-557-0053
23,Lucien,Pinchen,lpinchenm@nbcnews.com,661-583-2534
24,Dolley,Calloway,dcallowayn@tumblr.com,468-711-5185
25,Rosemary,Elcum,relcumo@google.ca,688-785-7822
26,Gunther,Dominichelli,gdominichellip@admin.ch,703-514-9726
27,Kary,Flippini,kflippiniq@cmu.edu,407-417-7020
28,Odo,Doswell,odoswellr@baidu.com,411-438-9808
29,Carmelita,Gimert,cgimerts@yellowbook.com,673-406-9269
30,Larisa,Severwright,lseverwrightt@elpais.com,711-801-7090
31,Gaye,Wilshin,gwilshinu@nydailynews.com,991-529-7598
32,Leora,Ley,lleyv@ucoz.com,536-905-8549
33,Gran,Giacoppo,ggiacoppow@bravesites.com,420-481-9905
34,Sheela,Duguid,sduguidx@mtv.com,972-825-2162
35,Tod,Matysiak,tmatysiaky@census.gov,802-466-0572
36,Dee,Ricardo,dricardoz@google.cn,410-751-5716
37,Oates,Keynes,okeynes10@nbcnews.com,712-710-7497
38,See,Burchmore,sburchmore11@salon.com,553-672-3243
39,Lurette,Leonida,lleonida12@google.cn,870-914-1592
40,Gustavus,Treswell,gtreswell13@networkadvertising.org,163-623-2433
41,Joline,Godber,jgodber14@123-reg.co.uk,461-132-0238
42,Courtney,Albutt,calbutt15@netscape.com,359-535-2240
43,Britte,Rubin,brubin16@examiner.com,868-189-6556
44,Darlene,Burdfield,dburdfield17@yellowbook.com,276-428-2449
45,Randolph,Hinchcliffe,rhinchcliffe18@merriam-webster.com,533-566-0573
46,Meagan,Merton,mmerton19@archive.org,563-293-7367
47,Gradeigh,Panton,gpanton1a@linkedin.com,624-759-7290
48,Nolly,Warboy,nwarboy1b@studiopress.com,255-963-8471
49,Jonathan,Buxy,jbuxy1c@ihg.com,479-673-5745
50,Yetty,Stollenbeck,ystollenbeck1d@shinystat.com,856-347-0573
51,Kaila,Larchier,klarchier1e@yahoo.com,836-344-8195
52,Merrile,Cheyne,mcheyne1f@phpbb.com,822-421-3031
53,Nicoline,Sired,nsired1g@wunderground.com,262-440-7222
54,Anton,McGuire,amcguire1h@ehow.com,818-444-5205
55,Dorisa,Mildmott,dmildmott1i@cmu.edu,552-727-6046
56,Teodorico,Gamlin,tgamlin1j@simplemachines.org,222-570-2983
57,Gipsy,Crenage,gcrenage1k@linkedin.com,586-507-0989
58,Regen,Bloxsom,rbloxsom1l@51.la,257-178-4879
59,Gayel,Van Halle,gvanhalle1m@state.gov,155-410-8247
60,Perrine,Sciusscietto,psciusscietto1n@businessinsider.com,926-933-5833
61,Betteanne,Duferie,bduferie1o@fema.gov,274-615-2830
62,Lucio,Truggian,ltruggian1p@storify.com,111-959-4173
63,Solomon,Knappett,sknappett1q@joomla.org,976-537-1327
64,Moises,Woolaston,mwoolaston1r@cpanel.net,157-708-2966
65,Aloise,Hefforde,ahefforde1s@sitemeter.com,671-977-3249
66,Tommy,Drury,tdrury1t@accuweather.com,846-381-7784
67,Belita,Capron,bcapron1u@oracle.com,830-688-3987
68,Dante,Brogi,dbrogi1v@ebay.co.uk,948-770-9130
69,Donica,Broadley,dbroadley1w@buzzfeed.com,408-976-4101
70,Marylynne,Belhome,mbelhome1x@spiegel.de,224-246-2734
71,Danie,Neylon,dneylon1y@homestead.com,437-275-4542
72,Alma,Brothers,abrothers1z@i2i.jp,297-382-4054
73,Archy,Cowap,acowap20@mit.edu,795-927-7737
74,Gretal,Waplinton,gwaplinton21@omniture.com,238-635-1381
75,Jerrold,Thresh,jthresh22@sphinn.com,298-127-0772
76,Jessy,Goodred,jgoodred23@wsj.com,794-129-5370
77,Renaldo,Beaby,rbeaby24@yale.edu,484-224-0170
78,Myrle,Caraher,mcaraher25@webs.com,589-652-3825
79,Tobiah,Walworche,twalworche26@jiathis.com,986-173-9808
80,Joyan,Gathercole,jgathercole27@statcounter.com,376-410-2856
81,Angelico,Castangia,acastangia28@symantec.com,347-642-7611
82,Michal,Kingsbury,mkingsbury29@furl.net,562-621-6662
83,Alethea,Crowe,acrowe2a@cnet.com,607-366-0879
84,Hogan,Rishman,hrishman2b@bluehost.com,365-846-0710
85,Eva,Dagworthy,edagworthy2c@over-blog.com,197-476-5210
86,Lisha,Raulston,lraulston2d@twitter.com,304-226-4429
87,Nonna,Prudham,nprudham2e@npr.org,866-467-6184
88,Evonne,Dallender,edallender2f@yandex.ru,415-390-0420
89,Raymond,Chamberlayne,rchamberlayne2g@wsj.com,760-182-4001
90,Fawnia,MacAirt,fmacairt2h@newyorker.com,866-132-2164
91,Kaile,Schukert,kschukert2i@paypal.com,747-141-7154
92,Bennie,Dorrance,bdorrance2j@edublogs.org,732-365-5319
93,Marcel,Gribbon,mgribbon2k@purevolume.com,593-827-7019
94,Quintus,Skoggins,qskoggins2l@themeforest.net,946-967-1471
95,Kerstin,Stoter,kstoter2m@narod.ru,364-703-1960
96,Fannie,Guidera,fguidera2n@nydailynews.com,359-405-9109
97,Carl,Longshaw,clongshaw2o@wix.com,230-734-2884
98,Brian,Paffot,bpaffot2p@altervista.org,848-524-2885
99,Klarika,Pauletti,kpauletti2q@shop-pro.jp,463-422-5573
100,Ernesto,Feldfisher,efeldfisher2r@usnews.com,769-602-3065
101,Felipe,Gover,fgover2s@berkeley.edu,975-713-9515
102,Shanta,Guy,sguy2t@google.nl,958-916-0014
103,Harlene,Barbara,hbarbara2u@wisc.edu,487-868-9811
104,Hobard,Woolvin,hwoolvin2v@topsy.com,380-115-2757
105,Hakeem,Oloman,holoman2w@adobe.com,655-819-5407
106,Fernando,Balden,fbalden2x@goo.gl,845-782-1443
107,Nanon,Lewtey,nlewtey2y@pinterest.com,687-979-9431
108,Bevon,Shead,bshead2z@sogou.com,302-906-6967
109,Thornie,Swede,tswede30@sakura.ne.jp,171-464-2557
110,Dill,Ordidge,dordidge31@cisco.com,642-329-3568
111,Ettore,Duguid,eduguid32@shareasale.com,705-248-2601
112,Oralle,Tuxell,otuxell33@naver.com,377-353-4007
113,Lilith,Saveall,lsaveall34@umn.edu,984-266-1932
114,Preston,Ansteys,pansteys35@edublogs.org,465-993-2665
115,Nissa,Clitheroe,nclitheroe36@nature.com,806-608-9822
116,Herb,Kulver,hkulver37@creativecommons.org,113-199-4518
117,Annabel,Buckthorpe,abuckthorpe38@foxnews.com,406-263-6129
118,Jillian,Hattam,jhattam39@xinhuanet.com,786-338-6988
119,Leyla,Kildea,lkildea3a@i2i.jp,621-638-0478
120,Berky,Langthorn,blangthorn3b@nih.gov,364-927-7197
121,Kat,Hairsine,khairsine3c@cafepress.com,385-240-1190
122,Isidro,Derill,iderill3d@webeden.co.uk,339-469-8296
123,Vachel,Franscioni,vfranscioni3e@ow.ly,553-801-6701
124,Reina,Martugin,rmartugin3f@free.fr,398-886-8570
125,Haskell,Lovatt,hlovatt3g@mediafire.com,519-179-7451
126,Kanya,Wippermann,kwippermann3h@cdbaby.com,838-631-2114
127,Vivi,Roubeix,vroubeix3i@google.nl,454-815-8738
128,Jan,Hassewell,jhassewell3j@blogger.com,298-890-0472
129,Abbot,Allsworth,aallsworth3k@china.com.cn,271-476-0775
130,Othello,Goundrill,ogoundrill3l@fastcompany.com,210-870-0352
131,Louisette,Doidge,ldoidge3m@simplemachines.org,775-637-5347
132,Kaylee,Goodrum,kgoodrum3n@cbsnews.com,844-125-2907
133,Malchy,Goforth,mgoforth3o@google.it,239-976-8920
134,Shannon,Seago,sseago3p@noaa.gov,993-136-6652
135,Tiphanie,Igoe,tigoe3q@godaddy.com,759-599-3689
136,Liana,Goundry,lgoundry3r@unicef.org,673-874-6031
137,Isaiah,Brogiotti,ibrogiotti3s@un.org,125-131-1673
138,Fabiano,Boffin,fboffin3t@salon.com,237-894-7244
139,Freddy,MacKereth,fmackereth3u@auda.org.au,899-491-7813
140,Cordy,De Dantesie,cdedantesie3v@ehow.com,137-842-9314
141,Hildagard,Lenormand,hlenormand3w@1und1.de,281-123-6329
142,Caleb,McGeever,cmcgeever3x@netlog.com,389-794-3591
143,Fanya,Hawken,fhawken3y@freewebs.com,934-755-7589
144,Avram,Strachan,astrachan3z@instagram.com,946-299-0686
145,Sherman,O' Dornan,sodornan40@t-online.de,584-716-4584
146,Arlana,Baldetti,abaldetti41@nymag.com,766-681-4258
147,Duke,Frankom,dfrankom42@omniture.com,104-876-6336
148,Ulrick,Cottingham,ucottingham43@indiegogo.com,279-509-4590
149,Alair,Downey,adowney44@aol.com,927-519-5697
150,Lorant,Hellsdon,lhellsdon45@eepurl.com,978-746-4834
151,Ivar,Verbruggen,iverbruggen46@unblog.fr,450-619-0681
152,Judie,Giacobo,jgiacobo47@tripod.com,573-634-5264
153,Ondrea,Zanicchelli,ozanicchelli48@sitemeter.com,847-947-0590
154,Alexis,Coy,acoy49@ebay.com,381-237-9801
155,Elnora,Suffe,esuffe4a@twitpic.com,831-519-9878
156,Lolita,Walkey,lwalkey4b@trellian.com,547-585-1751
157,Wain,Durrant,wdurrant4c@theguardian.com,497-480-6725
158,Pacorro,Lowing,plowing4d@simplemachines.org,401-849-6977
159,Irwin,Foale,ifoale4e@hexun.com,749-683-5222
160,Kandace,Lathom,klathom4f@a8.net,198-503-9331
161,Bobby,Iacomi,biacomi4g@umn.edu,258-273-3655
162,Hermie,Packington,hpackington4h@soup.io,963-448-1812
163,Editha,Robbe,erobbe4i@princeton.edu,687-453-6559
164,Shalom,Belliard,sbelliard4j@cnn.com,482-733-8308
165,Elie,Scawen,escawen4k@tripod.com,833-397-5107
166,Cissiee,Corner,ccorner4l@gizmodo.com,225-453-6613
167,Mikol,Tattersdill,mtattersdill4m@wikipedia.org,621-860-3174
168,Melania,von Grollmann,mvongrollmann4n@surveymonkey.com,430-332-4291
169,Bianca,Buret,bburet4o@bandcamp.com,901-959-8402
170,Kelby,Haydn,khaydn4p@sakura.ne.jp,936-840-9096
171,Alan,Scamadin,ascamadin4q@fotki.com,861-375-5460
172,Christal,Gamblin,cgamblin4r@europa.eu,941-396-0001
173,Emilio,Leebetter,eleebetter4s@de.vu,541-564-9251
174,Alvira,Dulany,adulany4t@forbes.com,722-815-5528
175,Jojo,Dudgeon,jdudgeon4u@bandcamp.com,997-819-1871
176,Waylon,Marples,wmarples4v@mail.ru,270-435-0587
177,Lothario,Dumbrall,ldumbrall4w@creativecommons.org,708-439-9731
178,Odo,Derington,oderington4x@ucla.edu,767-401-0254
179,Kimmy,Dounbare,kdounbare4y@ted.com,207-364-7985
180,Donetta,Kantor,dkantor4z@wisc.edu,542-332-8765
181,Meier,Buret,mburet50@marriott.com,441-827-7598
182,Dorette,Brok,dbrok51@scribd.com,299-503-5855
183,Astrid,Gurnay,agurnay52@wikispaces.com,739-431-8648
184,Natassia,Beake,nbeake53@youtube.com,974-953-8274
185,Bruis,Gabites,bgabites54@washington.edu,985-783-3659
186,Phillis,Scowen,pscowen55@ftc.gov,446-264-8810
187,Buiron,Goulborn,bgoulborn56@xing.com,150-721-4585
188,Valencia,Rippin,vrippin57@admin.ch,518-461-5069
189,Leticia,Whimp,lwhimp58@tinyurl.com,802-378-4938
190,Marquita,Gurwood,mgurwood59@mapquest.com,630-620-4489
191,Rachel,Vannucci,rvannucci5a@wp.com,405-945-6826
192,Sutherlan,Camacho,scamacho5b@slashdot.org,591-240-2770
193,Pearce,Neve,pneve5c@wix.com,469-305-9799
194,Bradley,Johns,bjohns5d@wikia.com,919-741-2358
195,Claudetta,Trembley,ctrembley5e@sogou.com,602-744-5774
196,Keene,Whittam,kwhittam5f@nifty.com,357-219-5661
197,Sharyl,Brosnan,sbrosnan5g@craigslist.org,971-460-7199
198,Beatrice,Meert,bmeert5h@is.gd,460-994-3691
199,Carena,Collum,ccollum5i@yelp.com,544-791-9268
200,Wrennie,Ivanishchev,wivanishchev5j@wikispaces.com,427-193-7132
201,Jim,Blaze,jblaze5k@vk.com,100-833-1062
202,Seymour,Belsham,sbelsham5l@statcounter.com,217-507-4764
203,Cymbre,Cureton,ccureton5m@imdb.com,514-525-8041
204,Grete,Sijmons,gsijmons5n@newsvine.com,889-673-4600
205,Sayre,Bydaway,sbydaway5o@umn.edu,946-747-3973
206,Tobi,Marlen,tmarlen5p@parallels.com,327-822-3463
207,Malinde,Hallt,mhallt5q@woothemes.com,865-123-8806
208,Derek,Cromb,dcromb5r@psu.edu,665-661-9468
209,Ardyce,Baudinot,abaudinot5s@instagram.com,414-682-3842
210,Bertie,Webster,bwebster5t@sohu.com,887-920-1311
211,Amberly,Mulvey,amulvey5u@unicef.org,967-289-0956
212,Jeffy,Dinjes,jdinjes5v@mysql.com,698-398-5371
213,Bax,Evanson,bevanson5w@simplemachines.org,766-966-5858
214,Jacky,Feasley,jfeasley5x@indiatimes.com,950-908-2826
215,Devy,Rodrig,drodrig5y@telegraph.co.uk,326-517-8429
216,Lynelle,Hail,lhail5z@joomla.org,614-737-4635
217,Jillie,Hammell,jhammell60@jimdo.com,816-273-4695
218,Reinhold,Riddeough,rriddeough61@paginegialle.it,746-502-6420
219,Waite,Sweetzer,wsweetzer62@furl.net,399-397-3278
220,Reid,Harvey,rharvey63@cocolog-nifty.com,854-339-9877
221,Phillipe,Pass,ppass64@smugmug.com,653-267-9478
222,Kaela,Tollmache,ktollmache65@twitpic.com,315-691-4375
223,Orelia,Dayly,odayly66@google.ru,916-350-0322
224,Corie,McOwen,cmcowen67@fotki.com,863-375-7495
225,Erminie,Marrion,emarrion68@free.fr,224-773-1106
226,Darcie,Lates,dlates69@imageshack.us,670-126-9670
227,Raleigh,Beckinsall,rbeckinsall6a@yelp.com,986-138-4807
228,Xenos,Chappell,xchappell6b@sohu.com,263-137-6744
229,Puff,Mew,pmew6c@google.com.hk,908-516-2649
230,Jeno,Bolding,jbolding6d@gizmodo.com,537-144-7903
231,Calla,Packe,cpacke6e@joomla.org,779-616-9716
232,Kerwinn,Stoeck,kstoeck6f@sfgate.com,332-164-3745
233,Aleen,Cyples,acyples6g@lycos.com,455-837-6127
234,Marlowe,Regnard,mregnard6h@huffingtonpost.com,544-300-8749
235,Alexandros,Bly,ably6i@dailymail.co.uk,602-710-6759
236,Rafaelia,Starmer,rstarmer6j@multiply.com,784-251-6492
237,Sally,McGennis,smcgennis6k@jigsy.com,744-757-8496
238,Kaile,Jehaes,kjehaes6l@1688.com,690-441-1703
239,Culver,Eddisforth,ceddisforth6m@booking.com,667-143-5054
240,Debby,Podmore,dpodmore6n@baidu.com,162-232-4118
241,Hubie,Housam,hhousam6o@goo.ne.jp,138-489-9546
242,Augustina,Beresfore,aberesfore6p@mapy.cz,363-651-0270
243,Elvina,Muat,emuat6q@ucsd.edu,911-732-3263
244,Shayla,Yitshak,syitshak6r@sourceforge.net,865-751-6502
245,Leah,Florez,lflorez6s@yellowpages.com,749-369-9950
246,Rorke,Cromblehome,rcromblehome6t@rakuten.co.jp,103-839-9827
247,Jose,Livezley,jlivezley6u@forbes.com,478-544-0181
248,Lenette,Srawley,lsrawley6v@bloglines.com,467-539-5368
249,Paul,Pitson,ppitson6w@archive.org,978-911-6753
250,Alisander,McKechnie,amckechnie6x@twitpic.com,308-485-3288
251,Francine,Haxell,fhaxell6y@bloglovin.com,235-310-7347
252,Stewart,Giacometti,sgiacometti6z@fda.gov,321-292-7993
253,Holly-anne,Laverack,hlaverack70@meetup.com,971-478-6137
254,Malchy,Jumonet,mjumonet71@merriam-webster.com,513-345-7939
255,Abbott,Sappell,asappell72@usgs.gov,270-418-9673
256,Pia,Crellim,pcrellim73@economist.com,465-250-4837
257,Rowland,Lunbech,rlunbech74@list-manage.com,587-168-3490
258,Lucie,Brixham,lbrixham75@theguardian.com,692-167-7784
259,Cayla,Elcoux,celcoux76@ow.ly,806-182-7549
260,Padraic,Oiseau,poiseau77@nba.com,345-130-8489
261,Rolland,Calloway,rcalloway78@spiegel.de,947-726-4265
262,Garrick,Leafe,gleafe79@printfriendly.com,255-707-3146
263,Desi,Gaudon,dgaudon7a@samsung.com,780-304-3692
264,Marty,Mottram,mmottram7b@sciencedirect.com,500-277-5753
265,Lindsay,Lindeboom,llindeboom7c@4shared.com,761-723-2629
266,Nappy,Leedal,nleedal7d@lycos.com,809-467-3030
267,Taffy,Beades,tbeades7e@reuters.com,483-252-6352
268,Fedora,Breming,fbreming7f@tumblr.com,951-590-5616
269,Enrique,McAlister,emcalister7g@dell.com,900-952-4236
270,Nadine,Weavers,nweavers7h@imageshack.us,561-168-8423
271,Aretha,Deniseau,adeniseau7i@merriam-webster.com,665-936-0167
272,Courtnay,Kepe,ckepe7j@accuweather.com,460-503-2731
273,Georgetta,Lytton,glytton7k@youtube.com,758-123-7459
274,Tammie,Swaysland,tswaysland7l@about.com,403-437-0745
275,Gloria,Samuels,gsamuels7m@comsenz.com,165-145-8169
276,Astra,Cisec,acisec7n@desdev.cn,394-908-3063
277,Rosemary,McGraffin,rmcgraffin7o@com.com,903-344-5501
278,Quintus,Stobie,qstobie7p@cdbaby.com,798-323-3393
279,Stavros,Waring,swaring7q@digg.com,431-455-9188
280,Mary,Phizackarley,mphizackarley7r@microsoft.com,776-265-6281
281,Roseanne,Oakenfull,roakenfull7s@paypal.com,354-926-8690
282,Gerhardine,Cavolini,gcavolini7t@ycombinator.com,860-924-5137
283,Morrie,Hellis,mhellis7u@rambler.ru,702-984-6212
284,Roxie,Burgher,rburgher7v@squidoo.com,758-322-1011
285,Eleen,Jedrzejewicz,ejedrzejewicz7w@hubpages.com,318-434-1500
286,Otis,Cutajar,ocutajar7x@jalbum.net,952-529-0724
287,Andreana,Wadge,awadge7y@guardian.co.uk,524-607-9881
288,Claiborne,Buy,cbuy7z@mapy.cz,183-649-9074
289,Arni,Guiel,aguiel80@senate.gov,363-651-8589
290,Irene,Lamblot,ilamblot81@php.net,775-693-0212
291,Aurelia,Mattosoff,amattosoff82@netscape.com,336-242-3919
292,Kristofer,Cranney,kcranney83@washington.edu,563-186-4443
293,Fairleigh,Seide,fseide84@joomla.org,861-821-0184
294,Giorgia,Pickhaver,gpickhaver85@jiathis.com,819-532-7693
295,Rodie,Gooder,rgooder86@webs.com,245-971-5868
296,Flo,Martyn,fmartyn87@vinaora.com,909-850-5289
297,Anne-marie,Madgin,amadgin88@go.com,842-594-5633
298,Ferguson,Kelk,fkelk89@plala.or.jp,540-926-4305
299,Colline,Klyn,cklyn8a@comsenz.com,762-520-5592
300,Alaster,Mugleston,amugleston8b@ocn.ne.jp,701-198-2559
301,Gabriela,Dannett,gdannett8c@sciencedirect.com,886-232-5269
302,Tonya,Harnor,tharnor8d@ed.gov,940-379-9510
303,Zonnya,Cree,zcree8e@cafepress.com,190-584-2708
304,Annora,Vear,avear8f@mlb.com,724-555-1435
305,Ameline,Pittendreigh,apittendreigh8g@walmart.com,284-918-2260
306,Luce,Grover,lgrover8h@weibo.com,318-629-1880
307,Karlik,Doddemeede,kdoddemeede8i@ucoz.ru,699-243-8621
308,Peggie,Orrah,porrah8j@tripadvisor.com,231-159-2085
309,Fax,Follett,ffollett8k@imdb.com,811-677-2113
310,Leanna,Node,lnode8l@prlog.org,608-480-7169
311,Bartholomeus,Buttle,bbuttle8m@answers.com,448-842-4480
312,Thornie,Bowers,tbowers8n@epa.gov,735-950-2170
313,Cordelie,Lutwyche,clutwyche8o@123-reg.co.uk,819-382-2310
314,Margalit,Winspeare,mwinspeare8p@un.org,302-366-0281
315,Nadya,Balazs,nbalazs8q@wordpress.org,538-931-0952
316,Xenos,Worlock,xworlock8r@house.gov,731-727-2474
317,Hardy,Bathersby,hbathersby8s@ihg.com,202-789-3260
318,Wyatan,Connors,wconnors8t@netscape.com,791-267-8177
319,Sutherland,Kettlestringes,skettlestringes8u@dion.ne.jp,279-876-4634
320,Madison,Constantinou,mconstantinou8v@blogspot.com,301-939-6759
321,Tanitansy,Dugald,tdugald8w@ucoz.com,145-903-7851
322,Madeline,Rubenczyk,mrubenczyk8x@businesswire.com,850-483-2817
323,Loren,Beachamp,lbeachamp8y@dot.gov,878-899-0879
324,Peyter,Clayworth,pclayworth8z@bbc.co.uk,707-221-0069
325,Tonya,Maurice,tmaurice90@ameblo.jp,932-894-3927
326,Hilda,Adamiak,hadamiak91@4shared.com,680-320-5668
327,Birch,Antonio,bantonio92@php.net,602-292-3928
328,Hilario,Craine,hcraine93@economist.com,787-248-3476
329,Enrichetta,Katte,ekatte94@sourceforge.net,500-611-6759
330,Devin,Mallard,dmallard95@sitemeter.com,576-294-7356
331,Lilli,Dymick,ldymick96@nyu.edu,949-230-4180
332,Curcio,Elphinston,celphinston97@angelfire.com,269-515-0084
333,Michele,Mawditt,mmawditt98@ifeng.com,312-232-8783
334,Michaeline,Maccari,mmaccari99@hatena.ne.jp,139-244-5677
335,Lawry,Niblo,lniblo9a@businessweek.com,734-280-8755
336,Ax,Kirman,akirman9b@ibm.com,828-963-4821
337,Josias,Spear,jspear9c@bloglovin.com,137-468-3156
338,Judi,Brimman,jbrimman9d@gmpg.org,836-353-0053
339,Joni,Tookill,jtookill9e@a8.net,431-823-3692
340,Josy,Sclanders,jsclanders9f@biblegateway.com,744-971-2731
341,Lucius,Winstone,lwinstone9g@squarespace.com,682-142-4778
342,Joane,Udale,judale9h@feedburner.com,893-915-0323
343,Kippy,Brightwell,kbrightwell9i@quantcast.com,880-247-9326
344,Marty,McArt,mmcart9j@last.fm,697-198-3834
345,Zolly,Pawden,zpawden9k@state.tx.us,339-731-0719
346,Basile,Marxsen,bmarxsen9l@linkedin.com,262-168-5612
347,Dun,Enrrico,denrrico9m@1und1.de,446-591-7966
348,Donnell,Dando,ddando9n@github.com,293-822-3766
349,Goldarina,Pinfold,gpinfold9o@google.ca,652-485-0134
350,Kelley,Cully,kcully9p@usa.gov,237-666-0069
351,Matilde,Staniland,mstaniland9q@tripod.com,409-564-7321
352,Mabelle,Fookes,mfookes9r@sogou.com,130-906-3975
353,Ferdinande,Perrigo,fperrigo9s@ask.com,303-866-1149
354,Skippie,Greenless,sgreenless9t@163.com,575-956-8423
355,Sargent,Kilbourne,skilbourne9u@typepad.com,614-223-0137
356,Willow,Boulton,wboulton9v@odnoklassniki.ru,707-545-9145
357,Ludovico,Giroldi,lgiroldi9w@studiopress.com,342-451-0988
358,Rhona,Littrell,rlittrell9x@phoca.cz,576-838-8464
359,Malinda,Foad,mfoad9y@istockphoto.com,928-281-6828
360,Bar,Alabastar,balabastar9z@senate.gov,339-156-5324
361,Elysia,Venditto,evendittoa0@quantcast.com,878-377-4748
362,Georgine,Isenor,gisenora1@webs.com,468-337-0007
363,Jerrome,Gunton,jguntona2@hc360.com,132-119-5958
364,Rita,Kment,rkmenta3@digg.com,150-531-2920
365,Rosemaria,Paschek,rpascheka4@xinhuanet.com,589-890-4106
366,Gage,Ballin,gballina5@qq.com,167-351-8814
367,Livvy,Twohig,ltwohiga6@taobao.com,865-983-3340
368,Bevon,Smout,bsmouta7@edublogs.org,143-843-7404
369,Dolf,Kermath,dkermatha8@usda.gov,174-768-8080
370,Christel,Vankin,cvankina9@youtu.be,375-936-0090
371,Binky,De Courtney,bdecourtneyaa@networkadvertising.org,704-665-6582
372,Hayes,Somerville,hsomervilleab@hexun.com,331-684-2291
373,Chase,Dugan,cduganac@nps.gov,561-304-8606
374,Mano,Batalle,mbatallead@apple.com,329-958-6428
375,William,Geddes,wgeddesae@wikimedia.org,914-974-3868
376,Cariotta,O'Day,codayaf@friendfeed.com,977-685-7762
377,Shepperd,Carwithen,scarwithenag@illinois.edu,253-697-1921
378,Manya,Shenley,mshenleyah@java.com,401-761-8748
379,Emalee,Aglione,eaglioneai@guardian.co.uk,583-661-7448
380,Horace,Woodruff,hwoodruffaj@simplemachines.org,815-542-2271
381,Ginevra,Cinelli,gcinelliak@salon.com,407-919-1095
382,Aretha,Del Dello,adeldelloal@theatlantic.com,159-597-7346
383,Alexine,Prahl,aprahlam@weather.com,943-643-3041
384,Theodora,Ginni,tginnian@yahoo.co.jp,300-853-3147
385,Dawn,Nisuis,dnisuisao@pbs.org,171-178-1953
386,Lorna,Honacker,lhonackerap@squidoo.com,412-475-7379
387,Israel,Brychan,ibrychanaq@chron.com,509-222-6668
388,Alyse,Curry,acurryar@washingtonpost.com,205-625-3481
389,Letisha,Beisley,lbeisleyas@yellowpages.com,612-302-7353
390,Gerianne,Truder,gtruderat@apache.org,452-152-3649
391,Cynthie,Eade,ceadeau@soup.io,173-160-6931
392,Nero,Wharlton,nwharltonav@columbia.edu,232-110-8967
393,Sydney,Vassay,svassayaw@homestead.com,503-520-1622
394,Barnaby,Iffland,bifflandax@dion.ne.jp,621-259-9119
395,Silvanus,Gratton,sgrattonay@wix.com,405-247-2223
396,Shanon,Glazebrook,sglazebrookaz@ox.ac.uk,344-927-7942
397,Nichole,Gudde,nguddeb0@usda.gov,310-900-9704
398,Shelley,Alen,salenb1@rakuten.co.jp,645-996-3061
399,Rainer,Paydon,rpaydonb2@chron.com,338-407-7466
400,Shem,Pautot,spautotb3@facebook.com,761-683-5030
401,Stacy,Canet,scanetb4@arstechnica.com,518-647-1532
402,Vinny,Coppledike,vcoppledikeb5@washingtonpost.com,240-684-5519
403,Emery,Legan,eleganb6@freewebs.com,623-476-9617
404,Selinda,Genese,sgeneseb7@archive.org,975-614-6374
405,Annette,Lints,alintsb8@cargocollective.com,832-919-1305
406,Lincoln,Heggs,lheggsb9@washingtonpost.com,769-414-3840
407,Tobias,Thorburn,tthorburnba@is.gd,812-128-8281
408,Briano,Vedeneev,bvedeneevbb@google.nl,584-694-9654
409,Gert,Beccera,gbeccerabc@unesco.org,740-444-3954
410,Ralf,Dilliway,rdilliwaybd@amazon.de,976-683-8054
411,Aloysia,Van Velden,avanveldenbe@a8.net,520-458-7661
412,Norris,Swarbrigg,nswarbriggbf@uiuc.edu,237-569-0401
413,Micky,Gilhooley,mgilhooleybg@fc2.com,730-984-2025
414,Wynny,Lumley,wlumleybh@apache.org,136-726-4930
415,Afton,Castagno,acastagnobi@exblog.jp,900-630-1275
416,Jobie,Whysall,jwhysallbj@123-reg.co.uk,516-225-5803
417,Arlee,Stotherfield,astotherfieldbk@cbc.ca,787-500-9026
418,Bastien,Marcq,bmarcqbl@cdbaby.com,650-376-2084
419,Adam,Glencrosche,aglencroschebm@printfriendly.com,250-711-8837
420,Margarete,Nemchinov,mnemchinovbn@flavors.me,976-294-6131
421,Gabbi,Edgcumbe,gedgcumbebo@wordpress.org,767-469-1425
422,Chan,Barnett,cbarnettbp@tmall.com,753-647-9464
423,Nevins,True,ntruebq@google.es,718-792-9116
424,Edd,Mateus,emateusbr@guardian.co.uk,787-203-9545
425,Lilli,Zanazzi,lzanazzibs@prweb.com,358-861-4782
426,Devora,Lippo,dlippobt@list-manage.com,774-618-9029
427,Fidela,Vellacott,fvellacottbu@chronoengine.com,807-442-6488
428,Patsy,Gready,pgreadybv@virginia.edu,969-753-0578
429,Darryl,Chatenier,dchatenierbw@addtoany.com,180-421-6781
430,Britta,Pafford,bpaffordbx@tripod.com,167-675-0526
431,Davie,Annakin,dannakinby@yellowpages.com,944-920-2045
432,Garrard,Michael,gmichaelbz@mit.edu,946-263-9402
433,Anallese,Gillbanks,agillbanksc0@blogtalkradio.com,128-503-4956
434,Nadiya,Gould,ngouldc1@businessinsider.com,493-569-8358
435,Kristoforo,Maes,kmaesc2@people.com.cn,900-143-2516
436,Flem,Bearward,fbearwardc3@opera.com,908-606-8767
437,Alanson,Masters,amastersc4@spotify.com,322-592-5070
438,Stillmann,Swabey,sswabeyc5@dell.com,634-140-0715
439,Karlene,Richmont,krichmontc6@sitemeter.com,940-831-9460
440,Faun,Leppington,fleppingtonc7@furl.net,539-702-8034
441,Lindy,Pinnion,lpinnionc8@opensource.org,311-169-2900
442,Berti,Sandle,bsandlec9@icio.us,575-585-1852
443,Mikel,Lere,mlereca@epa.gov,561-668-7638
444,Bradly,Collier,bcolliercb@yellowbook.com,639-790-2806
445,Packston,McGooch,pmcgoochcc@mediafire.com,769-697-5924
446,Ignacio,Myerscough,imyerscoughcd@myspace.com,835-361-9429
447,Maurita,Naire,mnairece@reddit.com,837-338-3278
448,Hi,Pedersen,hpedersencf@buzzfeed.com,322-640-6768
449,Fee,Eyles,feylescg@bing.com,438-296-4547
450,Donia,Hamblin,dhamblinch@ed.gov,763-314-9207
451,Belia,Dodson,bdodsonci@woothemes.com,926-924-1216
452,Dimitry,Coppens,dcoppenscj@is.gd,981-395-3617
453,Ariel,Lillecrop,alillecropck@aol.com,191-132-5063
454,Lorianne,Ellgood,lellgoodcl@dailymotion.com,689-364-1723
455,Kiley,Wimbury,kwimburycm@ucoz.com,615-872-1027
456,Erinna,Hubbucks,ehubbuckscn@npr.org,312-194-6933
457,Letti,Whitmell,lwhitmellco@wikipedia.org,258-282-3111
458,Bride,Leavens,bleavenscp@a8.net,556-885-2892
459,Carolan,Halfhyde,chalfhydecq@chronoengine.com,554-385-6308
460,Susanna,Somerton,ssomertoncr@devhub.com,851-434-9815
461,Lianna,Preskett,lpreskettcs@reddit.com,362-487-7575
462,Ingunna,Jordison,ijordisonct@shareasale.com,916-545-1163
463,Ric,Huckerby,rhuckerbycu@vkontakte.ru,303-869-7893
464,Tedra,Sibbet,tsibbetcv@devhub.com,876-166-8546
465,Ellyn,Seven,esevencw@nsw.gov.au,115-837-0033
466,Bella,Heaviside,bheavisidecx@usda.gov,484-323-6542
467,Alfy,Yanele,ayanelecy@myspace.com,407-189-0323
468,Aharon,Hanes,ahanescz@springer.com,455-295-2438
469,Christina,McKeller,cmckellerd0@narod.ru,921-319-1093
470,Melisenda,Brisbane,mbrisbaned1@geocities.jp,318-157-2354
471,Yolanthe,Loeber,yloeberd2@1688.com,624-424-1230
472,Bartie,Bowra,bbowrad3@discovery.com,350-503-0280
473,Rafaello,Whetland,rwhetlandd4@csmonitor.com,932-809-9006
474,Raf,Gormally,rgormallyd5@ucoz.com,294-437-4094
475,Agneta,Swash,aswashd6@altervista.org,208-276-4712
476,Leola,Kruger,lkrugerd7@mediafire.com,217-946-9911
477,Wallie,Elward,welwardd8@sfgate.com,308-473-9525
478,Ashien,Pruckner,aprucknerd9@dailymail.co.uk,383-576-6148
479,Dugald,Shewon,dshewonda@microsoft.com,138-683-1684
480,Nickolaus,Fancutt,nfancuttdb@over-blog.com,700-234-0014
481,Wernher,Arlett,warlettdc@moonfruit.com,461-141-8063
482,Loraine,McEttigen,lmcettigendd@bandcamp.com,869-847-4767
483,Esta,Piggins,epigginsde@a8.net,304-373-8359
484,Dwight,Meiklam,dmeiklamdf@chicagotribune.com,680-706-9236
485,Hazel,Ikins,hikinsdg@tripadvisor.com,536-600-1375
486,Benson,Laborde,blabordedh@cyberchimps.com,282-794-7007
487,Brigit,Doubrava,bdoubravadi@bing.com,839-311-9786
488,Flem,Stapley,fstapleydj@nih.gov,694-824-0274
489,Tannie,Snartt,tsnarttdk@youtu.be,290-278-3047
490,Zea,Sivier,zsivierdl@devhub.com,439-631-7466
491,Lizbeth,Cuttles,lcuttlesdm@cyberchimps.com,146-787-8601
492,Rupert,Mathers,rmathersdn@cdbaby.com,219-362-4544
493,Daryn,Stephens,dstephensdo@quantcast.com,949-563-8500
494,Bobinette,Toller,btollerdp@dyndns.org,790-232-1772
495,Abagail,Seawright,aseawrightdq@zdnet.com,695-137-2284
496,Glyn,Haseman,ghasemandr@bandcamp.com,208-495-8518
497,Balduin,Isaacson,bisaacsonds@telegraph.co.uk,161-913-4710
498,Leeland,McCloud,lmcclouddt@noaa.gov,882-276-7523
499,Roi,Benoi,rbenoidu@merriam-webster.com,808-622-4241
500,Correy,Hartshorn,chartshorndv@usatoday.com,604-456-5723
501,Parnell,Mee,pmeedw@instagram.com,939-828-8781
502,Ursulina,McElree,umcelreedx@java.com,435-862-0173
503,Simone,Dorie,sdoriedy@mapy.cz,481-989-9985
504,Mamie,Lanchester,mlanchesterdz@gizmodo.com,308-957-3770
505,Cassie,Eggins,cegginse0@reddit.com,938-123-6947
506,Wendie,Anglish,wanglishe1@rediff.com,307-679-9723
507,Koral,Bello,kbelloe2@fda.gov,440-254-9075
508,Giralda,Addess,gaddesse3@scientificamerican.com,259-873-5773
509,Gilli,Longshaw,glongshawe4@a8.net,489-757-0492
510,Olga,Braley,obraleye5@yale.edu,945-344-9359
511,Tyson,Von Welldun,tvonwelldune6@fema.gov,603-859-5639
512,Kienan,Edwardes,kedwardese7@blogs.com,606-762-6963
513,Adelice,Cardenas,acardenase8@simplemachines.org,195-397-0491
514,Chrissy,Gookey,cgookeye9@ucoz.com,809-280-9299
515,Alasdair,Alberti,aalbertiea@tripod.com,730-706-1969
516,Vernor,McGivena,vmcgivenaeb@sitemeter.com,927-642-4832
517,Beatrisa,Lessmare,blessmareec@quantcast.com,178-418-5751
518,Juliette,Elliss,jellissed@webnode.com,986-299-0763
519,Charmane,Yeandel,cyeandelee@ca.gov,225-262-2709
520,Helaine,Gunston,hgunstonef@pcworld.com,872-762-2423
521,Hermia,Gracewood,hgracewoodeg@reddit.com,686-430-6152
522,Bruis,Dahlbom,bdahlbomeh@usatoday.com,817-845-8426
523,Merilyn,Santorini,msantoriniei@flickr.com,537-206-1902
524,Marcos,Baxter,mbaxterej@ucoz.ru,796-745-2581
525,Osmond,Cowderoy,ocowderoyek@forbes.com,985-287-0549
526,Osmund,Hamberstone,ohamberstoneel@amazon.de,490-414-4326
527,Bernita,Gemnett,bgemnettem@dell.com,888-671-7643
528,Mildrid,Radmer,mradmeren@tamu.edu,631-537-1782
529,Wolfie,Segot,wsegoteo@gravatar.com,126-769-6897
530,Lorita,Marrill,lmarrillep@php.net,879-709-0337
531,Mortie,Shreeves,mshreeveseq@lulu.com,911-758-7899
532,Filide,Bluck,fblucker@storify.com,381-328-9938
533,Dalia,Gherardini,dgherardinies@bbc.co.uk,869-466-3415
534,Gordan,Kimmel,gkimmelet@digg.com,289-272-8662
535,Ansel,Brinsden,abrinsdeneu@admin.ch,110-605-9290
536,Kipp,Grocott,kgrocottev@home.pl,883-653-7332
537,Hollyanne,Pierton,hpiertonew@altervista.org,558-279-8677
538,Vladimir,Hanbidge,vhanbidgeex@europa.eu,222-849-4221
539,Colver,Pringer,cpringerey@istockphoto.com,699-937-2685
540,Cassey,Waterman,cwatermanez@newsvine.com,424-576-5867
541,Bran,Grimmer,bgrimmerf0@discuz.net,100-360-1363
542,Georgie,Niesel,gnieself1@cbsnews.com,573-467-8381
543,Thornie,Attwood,tattwoodf2@stumbleupon.com,441-945-4983
544,Whitman,Deftie,wdeftief3@list-manage.com,550-135-3935
545,Seline,Cuttings,scuttingsf4@geocities.com,465-393-1961
546,Cornie,Stanworth,cstanworthf5@imgur.com,233-844-3829
547,Gussi,Ewbanck,gewbanckf6@linkedin.com,444-762-6501
548,Lanny,Sarath,lsarathf7@yale.edu,235-455-6230
549,Bren,Dykas,bdykasf8@baidu.com,956-932-8621
550,Kathie,Cappineer,kcappineerf9@chronoengine.com,810-863-1750
551,Aurea,Stather,astatherfa@amazonaws.com,200-785-6670
552,Jaclin,Allden,jalldenfb@gravatar.com,470-299-8809
553,Etta,Placstone,eplacstonefc@smh.com.au,214-480-2827
554,Rey,Mooreed,rmooreedfd@ycombinator.com,184-672-0671
555,Halli,Gilder,hgilderfe@deliciousdays.com,759-472-6794
556,Nickie,Bishell,nbishellff@java.com,304-741-4457
557,Gipsy,Pelerin,gpelerinfg@wikia.com,382-577-2220
558,Sutherlan,Chidlow,schidlowfh@mayoclinic.com,777-532-3489
559,Caralie,Karpmann,ckarpmannfi@answers.com,699-373-9350
560,Christel,Ellams,cellamsfj@jiathis.com,244-331-4929
561,Georgena,Mitchelhill,gmitchelhillfk@mysql.com,272-349-6259
562,Bentley,Rollitt,brollittfl@oracle.com,376-232-7434
563,Tait,Bompass,tbompassfm@oracle.com,284-331-8149
564,Gale,Nyssen,gnyssenfn@independent.co.uk,687-471-7760
565,Horatius,Guerrieri,hguerrierifo@utexas.edu,481-260-4669
566,Candie,Vasyunichev,cvasyunichevfp@ibm.com,176-421-2226
567,Alessandra,Bushrod,abushrodfq@reverbnation.com,954-406-1744
568,Nathaniel,Rubinow,nrubinowfr@odnoklassniki.ru,449-255-3989
569,Delinda,Szach,dszachfs@biblegateway.com,369-803-6848
570,Delphinia,Hamblen,dhamblenft@home.pl,813-785-1240
571,Goober,Harpin,gharpinfu@ocn.ne.jp,639-222-5171
572,Barbette,Weare,bwearefv@homestead.com,672-460-2461
573,Kimmy,Stratz,kstratzfw@vinaora.com,208-467-6878
574,Tyrone,Casillis,tcasillisfx@hubpages.com,477-324-2872
575,Cherilynn,MacColm,cmaccolmfy@shutterfly.com,822-359-2636
576,Griswold,Vanyarkin,gvanyarkinfz@arizona.edu,943-453-6322
577,Daryl,Rusling,druslingg0@examiner.com,374-952-7666
578,Ninnette,Stilldale,nstilldaleg1@geocities.jp,209-287-8317
579,Rickey,Meecher,rmeecherg2@abc.net.au,253-384-1240
580,Alysia,Dorow,adorowg3@pen.io,387-240-8903
581,Jessalyn,Crews,jcrewsg4@pinterest.com,326-977-7507
582,Roman,Kirkbright,rkirkbrightg5@canalblog.com,539-244-7567
583,Calypso,Overbury,coverburyg6@si.edu,849-699-8340
584,Earl,Rossbrook,erossbrookg7@dailymotion.com,724-456-7912
585,Elayne,Normabell,enormabellg8@naver.com,648-300-2032
586,Myrtie,Mayoh,mmayohg9@statcounter.com,729-330-9927
587,Annadiana,Fritschmann,afritschmannga@prnewswire.com,286-778-7572
588,Adelice,Dubois,aduboisgb@csmonitor.com,588-747-0604
589,Roch,Prott,rprottgc@whitehouse.gov,230-121-0251
590,Randall,Sickert,rsickertgd@wordpress.com,107-284-6256
591,Amby,Bazoche,abazochege@list-manage.com,488-125-2255
592,Deerdre,Cracker,dcrackergf@cmu.edu,528-414-8728
593,Micaela,Matteini,mmatteinigg@blog.com,188-404-7225
594,Joceline,Colquete,jcolquetegh@1688.com,187-338-0575
595,Kamila,Sheringham,ksheringhamgi@geocities.com,337-478-6875
596,Denni,Brosenius,dbroseniusgj@msu.edu,169-253-9042
597,Evangelia,Sleigh,esleighgk@vk.com,245-538-8104
598,Leonora,Pashan,lpashangl@answers.com,196-790-3077
599,Julina,Coster,jcostergm@360.cn,984-308-5424
600,Devondra,Trussell,dtrussellgn@twitter.com,968-954-1105
601,Lanna,Cready,lcreadygo@prlog.org,979-637-4363
602,Loydie,Letertre,lletertregp@bloglines.com,991-202-9325
603,Prudi,McGrah,pmcgrahgq@stanford.edu,606-749-4695
604,Fidelio,Pratley,fpratleygr@sina.com.cn,670-462-8780
605,Bernardine,Fountaine,bfountainegs@google.de,515-350-8343
606,Gianina,Wattinham,gwattinhamgt@cbslocal.com,515-897-2541
607,Cymbre,Saunter,csauntergu@edublogs.org,490-673-4166
608,Drusilla,Andreev,dandreevgv@mozilla.com,819-372-3316
609,Nobie,Egdale,negdalegw@webmd.com,995-152-3118
610,Ramon,Aldins,raldinsgx@hibu.com,201-831-4154
611,Kean,Kubin,kkubingy@paginegialle.it,765-603-3307
612,Carolee,Harly,charlygz@usatoday.com,811-482-3840
613,Sherrie,Camosso,scamossoh0@china.com.cn,444-590-7165
614,Kacey,Bycraft,kbycrafth1@independent.co.uk,616-658-6161
615,Gunner,Krochmann,gkrochmannh2@imgur.com,591-866-6379
616,Jordanna,Mattes,jmattesh3@weibo.com,587-684-5438
617,Winny,Scritch,wscritchh4@twitter.com,420-101-6070
618,Jeannine,Dripps,jdrippsh5@theglobeandmail.com,980-371-8470
619,Berne,Dilworth,bdilworthh6@narod.ru,550-848-9391
620,Jennilee,Christal,jchristalh7@yolasite.com,897-608-2326
621,Flory,Taig,ftaigh8@ucla.edu,814-674-1380
622,Ceciley,Busek,cbusekh9@washington.edu,808-446-6270
623,Elihu,Jurkiewicz,ejurkiewiczha@friendfeed.com,248-313-7759
624,Humbert,Sunnex,hsunnexhb@skyrock.com,343-535-2089
625,Luis,Moland,lmolandhc@multiply.com,404-319-7512
626,Austine,Kettridge,akettridgehd@stanford.edu,394-140-4799
627,Johnette,Jobbins,jjobbinshe@mac.com,902-165-0860
628,Lalo,Dowding,ldowdinghf@blinklist.com,994-494-8742
629,Ophelie,Romayn,oromaynhg@mail.ru,672-473-7619
630,Dawn,Gloster,dglosterhh@youku.com,112-736-1700
631,Agace,Snalham,asnalhamhi@simplemachines.org,694-815-2155
632,Jacquelyn,Dunbabin,jdunbabinhj@dmoz.org,175-856-2367
633,Binky,Parslow,bparslowhk@ft.com,409-426-0533
634,Jessalin,Ughelli,jughellihl@icio.us,286-347-0641
635,Lock,Davidsohn,ldavidsohnhm@bloglines.com,699-202-6988
636,Erinna,Dowall,edowallhn@uiuc.edu,505-212-2716
637,Osbourne,Paoletti,opaolettiho@yellowpages.com,805-915-0823
638,Libby,Arsmith,larsmithhp@gov.uk,751-159-1416
639,Ulberto,Hargrave,uhargravehq@vkontakte.ru,548-249-5276
640,Maggy,Gower,mgowerhr@mashable.com,799-762-4388
641,Wald,Thornton,wthorntonhs@fema.gov,930-465-7471
642,Melany,Borg,mborght@google.ca,101-115-1634
643,Gilbertine,Ivashkov,givashkovhu@zdnet.com,740-859-1581
644,Cacilia,Rubinshtein,crubinshteinhv@discovery.com,272-762-0618
645,Bette-ann,Brodway,bbrodwayhw@ycombinator.com,351-367-0570
646,Ealasaid,Van Der Straaten,evanderstraatenhx@addtoany.com,897-695-1489
647,Gennifer,Bernasek,gbernasekhy@taobao.com,282-670-9505
648,Noelyn,Fowgies,nfowgieshz@hexun.com,447-449-4491
649,Shaw,Orcas,sorcasi0@joomla.org,571-325-3446
650,Koral,Tuison,ktuisoni1@uol.com.br,492-907-9177
651,Kearney,Troake,ktroakei2@constantcontact.com,343-889-7983
652,Phineas,Jirus,pjirusi3@hugedomains.com,821-819-4083
653,Lucila,Franklin,lfranklini4@ezinearticles.com,422-709-0319
654,Aristotle,Ivimey,aivimeyi5@histats.com,245-440-5004
655,Francisco,Alchin,falchini6@disqus.com,782-685-2329
656,Hasty,Clearley,hclearleyi7@google.es,341-596-2396
657,Massimiliano,Faulds,mfauldsi8@alibaba.com,553-809-6131
658,Kerry,Ruckman,kruckmani9@mapquest.com,505-872-0331
659,Gonzales,Wilcher,gwilcheria@statcounter.com,539-562-6845
660,Dacie,Wurz,dwurzib@redcross.org,438-262-5449
661,Giuditta,Readwing,greadwingic@jiathis.com,164-303-1039
662,Kelsey,Moretto,kmorettoid@prnewswire.com,439-683-4975
663,Dottie,Matteotti,dmatteottiie@lulu.com,575-432-0396
664,Ingeberg,Clemetts,iclemettsif@stumbleupon.com,242-869-2403
665,Missie,Quinney,mquinneyig@behance.net,130-182-1797
666,Corissa,Glaserman,cglasermanih@paginegialle.it,444-190-7920
667,Marie-ann,Skipp,mskippii@unblog.fr,697-918-1593
668,Idelle,Billings,ibillingsij@gmpg.org,394-605-8186
669,Elfrieda,Brimicombe,ebrimicombeik@creativecommons.org,644-775-9025
670,Hillery,Malimoe,hmalimoeil@aol.com,948-362-3064
671,Marion,Messom,mmessomim@mysql.com,681-605-0972
672,Jannel,Calley,jcalleyin@shop-pro.jp,981-446-0950
673,Zsazsa,Lightwing,zlightwingio@uol.com.br,416-132-4441
674,Evelina,Brendel,ebrendelip@go.com,600-171-6471
675,Dal,Bernadzki,dbernadzkiiq@miitbeian.gov.cn,342-986-0276
676,Whitby,Treweek,wtreweekir@ezinearticles.com,556-623-0495
677,Zachery,Cafferky,zcafferkyis@dot.gov,693-853-9406
678,Dilan,Cheine,dcheineit@accuweather.com,542-440-7016
679,Cart,Badsworth,cbadsworthiu@businesswire.com,954-228-6532
680,Ty,Costi,tcostiiv@gnu.org,520-787-7508
681,Sharyl,Fattori,sfattoriiw@microsoft.com,808-961-0118
682,Luther,Rollett,lrollettix@bizjournals.com,199-253-0435
683,Guillermo,Kuhnel,gkuhneliy@abc.net.au,645-195-6228
684,Baxter,Friedman,bfriedmaniz@telegraph.co.uk,797-682-3502
685,Fionnula,Border,fborderj0@chronoengine.com,144-341-8424
686,Dorthea,Shireff,dshireffj1@bbb.org,849-351-3085
687,Winne,Turn,wturnj2@indiatimes.com,902-588-3889
688,Cynthie,Dunford,cdunfordj3@bing.com,479-454-9450
689,Andrea,Strathearn,astrathearnj4@comcast.net,918-139-8659
690,Sergeant,Kiehne,skiehnej5@goodreads.com,987-910-2865
691,Baillie,Skelding,bskeldingj6@noaa.gov,994-191-8532
692,Dirk,Quinlan,dquinlanj7@wisc.edu,727-727-8244
693,Tessi,Ganny,tgannyj8@jiathis.com,800-478-1806
694,Joelynn,Bover,jboverj9@si.edu,932-821-4462
695,Giraldo,Hargerie,ghargerieja@cnn.com,920-366-3029
696,Skippy,Pooke,spookejb@t-online.de,731-246-3587
697,Henderson,Reiach,hreiachjc@google.co.uk,904-529-1465
698,Ebenezer,Alexander,ealexanderjd@ameblo.jp,296-734-0142
699,Rutger,Swyer,rswyerje@cafepress.com,198-461-0452
700,Arnie,Fiander,afianderjf@tamu.edu,804-682-0504
701,Agata,Novotni,anovotnijg@dion.ne.jp,195-975-1297
702,Audry,Birley,abirleyjh@tiny.cc,134-434-5139
703,Loretta,Jahner,ljahnerji@usgs.gov,376-706-6056
704,Frances,Zealander,fzealanderjj@blogtalkradio.com,297-620-3533
705,Sibelle,Pascoe,spascoejk@addtoany.com,147-945-1802
706,Blondie,Chancelier,bchancelierjl@webeden.co.uk,173-458-9383
707,Marcelo,Cuffley,mcuffleyjm@ox.ac.uk,154-119-0492
708,Ennis,Alldritt,ealldrittjn@virginia.edu,166-743-1737
709,Jerad,Race,jracejo@flavors.me,603-999-8037
710,Holly-anne,Kempston,hkempstonjp@posterous.com,964-279-2434
711,Jacquelin,Danis,jdanisjq@infoseek.co.jp,546-496-9692
712,Vernor,Sink,vsinkjr@ustream.tv,197-727-1909
713,Amalita,Stainton,astaintonjs@wordpress.org,584-234-5012
714,Anatola,Pina,apinajt@oakley.com,399-443-8731
715,Ceil,DelaField,cdelafieldju@ed.gov,521-612-6779
716,Burtie,Ambroz,bambrozjv@dot.gov,235-817-6562
717,Lillis,Greader,lgreaderjw@free.fr,193-204-0037
718,Jean,Bruinsma,jbruinsmajx@merriam-webster.com,402-253-3820
719,Royall,Godbolt,rgodboltjy@ucla.edu,676-634-6259
720,Hilliary,Lashmar,hlashmarjz@issuu.com,870-305-2554
721,Layney,Sidgwick,lsidgwickk0@biglobe.ne.jp,128-324-9975
722,Micheline,Gudde,mguddek1@pen.io,287-350-1044
723,Chantal,Pywell,cpywellk2@tuttocitta.it,980-661-5529
724,Kurtis,Hassekl,khasseklk3@businessweek.com,827-506-5902
725,Burk,Siviour,bsiviourk4@answers.com,173-362-9032
726,Red,Perryman,rperrymank5@comsenz.com,559-961-7790
727,Athena,Durn,adurnk6@independent.co.uk,796-738-7361
728,Jada,Eglese,jeglesek7@fotki.com,445-508-7721
729,Maria,Gooders,mgoodersk8@prlog.org,149-210-7542
730,Evaleen,Scrivner,escrivnerk9@state.tx.us,342-252-4716
731,Madlen,Possa,mpossaka@usda.gov,313-417-6957
732,Ailbert,Halson,ahalsonkb@nba.com,716-468-9359
733,Ellary,Mosconi,emosconikc@bizjournals.com,834-421-6576
734,Muffin,Barczewski,mbarczewskikd@census.gov,643-810-4953
735,Willow,Freezer,wfreezerke@washingtonpost.com,293-837-1913
736,Reeva,Leppard,rleppardkf@reverbnation.com,120-360-6799
737,Hildagarde,Bundey,hbundeykg@amazon.de,156-652-0654
738,Alvera,Kendrick,akendrickkh@tamu.edu,310-644-9635
739,Olivette,Dacey,odaceyki@cbslocal.com,211-678-9294
740,Homere,Bassick,hbassickkj@smugmug.com,402-573-6377
741,Sybille,Olding,soldingkk@networkadvertising.org,181-143-6023
742,Darrell,Jellico,djellicokl@yahoo.com,392-538-0723
743,Yettie,Wiffield,ywiffieldkm@wikia.com,271-676-0199
744,Fransisco,Coke,fcokekn@netscape.com,969-169-6409
745,Milton,Brandham,mbrandhamko@rakuten.co.jp,786-242-2275
746,Lev,Sales,lsaleskp@toplist.cz,719-336-5865
747,Merle,Petherick,mpetherickkq@histats.com,920-764-0532
748,Redd,Rance,rrancekr@digg.com,450-582-8129
749,Jermaine,Braunfeld,jbraunfeldks@sciencedaily.com,230-401-1647
750,Galvan,Simeone,gsimeonekt@msu.edu,135-952-0151
751,Fabe,Isgar,fisgarku@hhs.gov,401-733-7286
752,Anastassia,Ferrieres,aferriereskv@chron.com,440-941-6224
753,Clare,Dey,cdeykw@gov.uk,275-878-6670
754,Margarita,O'Rourke,morourkekx@livejournal.com,804-193-8991
755,Laurens,Lewtey,llewteyky@wufoo.com,222-840-0371
756,Carena,Gluyas,cgluyaskz@oaic.gov.au,501-185-3477
757,Noach,Aherne,nahernel0@de.vu,137-139-3305
758,Karen,Giacomuzzi,kgiacomuzzil1@va.gov,158-113-7489
759,Erna,Maudling,emaudlingl2@blinklist.com,343-124-6317
760,Page,Woollett,pwoollettl3@simplemachines.org,822-578-3053
761,Joline,Bould,jbouldl4@ucoz.ru,863-669-1666
762,Geneva,Larkkem,glarkkeml5@hexun.com,681-978-6868
763,Berne,Webb,bwebbl6@cbslocal.com,875-800-4267
764,Izaak,Vazquez,ivazquezl7@delicious.com,722-599-4329
765,Francyne,Pomphrey,fpomphreyl8@sina.com.cn,613-381-4498
766,Wilie,Doble,wdoblel9@goo.gl,871-716-9674
767,Kylen,Jerche,kjerchela@phpbb.com,953-259-9393
768,Iain,Yurocjhin,iyurocjhinlb@jalbum.net,138-351-7065
769,Janeen,Dancer,jdancerlc@reference.com,739-284-0307
770,Daniele,Playle,dplayleld@friendfeed.com,207-831-5396
771,Tann,Belcham,tbelchamle@freewebs.com,125-324-5821
772,Emma,Cranch,ecranchlf@e-recht24.de,484-895-0444
773,Robinetta,Mugridge,rmugridgelg@aol.com,306-430-9664
774,Francyne,Alejandro,falejandrolh@fc2.com,901-285-3782
775,Anneliese,Bruyntjes,abruyntjesli@rediff.com,820-203-6165
776,Maurise,Haselden,mhaseldenlj@irs.gov,428-105-0794
777,Erastus,McShane,emcshanelk@businessinsider.com,275-353-7428
778,Hersh,Ovise,hovisell@yellowpages.com,915-620-3033
779,Teirtza,McFeate,tmcfeatelm@constantcontact.com,891-958-5314
780,Carlotta,Prowse,cprowseln@wunderground.com,776-153-9428
781,Nance,Gross,ngrosslo@tripadvisor.com,479-365-6444
782,Randa,Tockell,rtockelllp@merriam-webster.com,576-386-3301
783,Karla,Jaycock,kjaycocklq@wordpress.org,463-656-7940
784,Reilly,Rudall,rrudalllr@blogger.com,663-774-6259
785,Angelita,Niset,anisetls@cam.ac.uk,373-163-0449
786,Bruno,Sexti,bsextilt@sourceforge.net,219-625-5853
787,Ardene,Knevett,aknevettlu@wix.com,594-346-2177
788,Marjory,Gaywood,mgaywoodlv@newsvine.com,938-878-3749
789,Thomasine,Hubbock,thubbocklw@vk.com,527-596-1459
790,Gwyn,Cay,gcaylx@weather.com,960-592-6601
791,Brook,Shattock,bshattockly@seesaa.net,250-674-4327
792,Erminie,Sowter,esowterlz@ustream.tv,834-983-2603
793,Vance,Keave,vkeavem0@oracle.com,879-776-6905
794,Darrick,Plaxton,dplaxtonm1@cnbc.com,804-953-6420
795,Cirillo,Benneyworth,cbenneyworthm2@github.com,483-369-7581
796,Bing,Horley,bhorleym3@com.com,214-694-3143
797,Merry,Hucke,mhuckem4@constantcontact.com,254-372-9778
798,Carolan,Fyers,cfyersm5@chronoengine.com,411-522-5983
799,Becki,MacArthur,bmacarthurm6@qq.com,737-352-1480
800,Tuckie,Montacute,tmontacutem7@disqus.com,367-492-7867
801,Cherye,Snewin,csnewinm8@house.gov,811-154-4359
802,Ansel,Worswick,aworswickm9@jugem.jp,679-601-4622
803,Gunter,Phillpotts,gphillpottsma@nhs.uk,816-844-9190
804,Darcy,Roycroft,droycroftmb@eventbrite.com,223-825-2162
805,Ahmed,Paz,apazmc@bravesites.com,393-110-1676
806,Lisabeth,Sweetlove,lsweetlovemd@storify.com,737-320-4340
807,Felipa,Uren,furenme@tripadvisor.com,547-815-2366
808,Ruthy,Le Huquet,rlehuquetmf@kickstarter.com,669-121-1421
809,Helga,Stobie,hstobiemg@stumbleupon.com,220-842-9305
810,Ainslie,Rickardes,arickardesmh@elegantthemes.com,776-407-1726
811,Ronnie,Clinch,rclinchmi@parallels.com,663-673-7313
812,Griffie,Gillison,ggillisonmj@ask.com,686-771-4514
813,Allissa,Martijn,amartijnmk@businessweek.com,169-639-9935
814,Angel,Densie,adensieml@mediafire.com,846-143-4637
815,Isak,Fullard,ifullardmm@cafepress.com,161-377-7596
816,Heda,Kilborn,hkilbornmn@irs.gov,110-331-6905
817,Derrek,Organer,dorganermo@berkeley.edu,993-265-5537
818,Byrann,Josephson,bjosephsonmp@godaddy.com,937-321-7451
819,Juline,Whitely,jwhitelymq@timesonline.co.uk,888-384-8932
820,Nora,Casari,ncasarimr@auda.org.au,148-684-0708
821,Forester,Fairbairn,ffairbairnms@twitpic.com,156-375-9356
822,Corrina,Harback,charbackmt@g.co,610-997-0206
823,Regine,Sargint,rsargintmu@uol.com.br,447-516-6660
824,Drucy,Babon,dbabonmv@ucsd.edu,622-537-9929
825,Janenna,Cromb,jcrombmw@state.tx.us,415-853-0995
826,Zebadiah,Julian,zjulianmx@youtube.com,736-885-5765
827,Griffith,Krabbe,gkrabbemy@cdc.gov,494-217-4629
828,Anabal,Catterall,acatterallmz@slideshare.net,777-620-0040
829,Alyssa,Gumary,agumaryn0@is.gd,644-941-2515
830,Hank,Carayol,hcarayoln1@bbb.org,817-591-8218
831,Brynna,Mayston,bmaystonn2@pen.io,113-269-1610
832,Mela,Stidworthy,mstidworthyn3@so-net.ne.jp,587-163-2889
833,Juan,Connichie,jconnichien4@histats.com,430-542-2660
834,Tyson,Puckett,tpuckettn5@dmoz.org,706-790-0861
835,Merralee,Luberto,mluberton6@feedburner.com,334-338-7607
836,Sayre,Batty,sbattyn7@disqus.com,737-888-7985
837,Gunar,Gramer,ggramern8@so-net.ne.jp,242-561-1074
838,Ortensia,MacKnocker,omacknockern9@reverbnation.com,384-402-8995
839,Madelene,Gruszka,mgruszkana@cdc.gov,442-760-8222
840,Lon,de Amaya,ldeamayanb@smh.com.au,580-237-0126
841,Paige,Philpot,pphilpotnc@nyu.edu,424-981-2994
842,Lora,Brendel,lbrendelnd@desdev.cn,171-934-9679
843,Gusty,Norheny,gnorhenyne@hp.com,366-865-9088
844,Sandro,Sarfat,ssarfatnf@google.co.jp,164-915-5092
845,Marchall,Rubenov,mrubenovng@umich.edu,263-100-7014
846,Randy,Sandeford,rsandefordnh@quantcast.com,534-594-1785
847,Myriam,Roft,mroftni@goo.ne.jp,504-158-1771
848,Marnie,Redish,mredishnj@cdc.gov,806-748-2546
849,Bart,Goldson,bgoldsonnk@toplist.cz,610-571-2935
850,Jenda,Turfs,jturfsnl@wikimedia.org,935-235-6154
851,Ignacio,Chester,ichesternm@howstuffworks.com,990-663-6505
852,Sydelle,Storrie,sstorrienn@mediafire.com,618-949-5230
853,Meghann,Pohlke,mpohlkeno@twitpic.com,614-505-6638
854,Prescott,Wedlake,pwedlakenp@artisteer.com,741-213-9047
855,Blancha,Rodge,brodgenq@acquirethisname.com,777-887-8716
856,Adolphe,Filipson,afilipsonnr@princeton.edu,468-712-6994
857,Monty,Danels,mdanelsns@icio.us,862-682-8216
858,Gearard,Cunrado,gcunradont@delicious.com,552-353-8808
859,Grethel,Darragh,gdarraghnu@mlb.com,956-999-5769
860,Susanne,Itzig,sitzignv@webs.com,388-487-8145
861,Creighton,Biscomb,cbiscombnw@cloudflare.com,681-758-5399
862,Nada,Dumpleton,ndumpletonnx@pcworld.com,218-610-9538
863,Doralin,Pashbee,dpashbeeny@mail.ru,625-889-1632
864,Annaliese,Real,arealnz@github.io,532-458-5243
865,Milo,Blackburne,mblackburneo0@privacy.gov.au,972-572-0337
866,Madel,Pickersgill,mpickersgillo1@va.gov,315-130-9022
867,Datha,Dufty,dduftyo2@cnn.com,868-328-6258
868,Barbe,Gawen,bgaweno3@npr.org,137-515-3946
869,Guendolen,Adshead,gadsheado4@barnesandnoble.com,208-329-3462
870,Kristyn,Server,kservero5@psu.edu,647-837-2610
871,Ketty,Cowland,kcowlando6@eventbrite.com,656-404-3572
872,Alphard,Potkin,apotkino7@exblog.jp,532-384-3309
873,Nisse,Waller,nwallero8@seattletimes.com,362-239-0933
874,Mickie,Agglio,magglioo9@dion.ne.jp,276-435-7011
875,Les,Nicolls,lnicollsoa@sogou.com,311-606-6340
876,Gloriane,Witter,gwitterob@opera.com,171-790-4369
877,Marie-jeanne,Lardeux,mlardeuxoc@umich.edu,804-126-9615
878,Kristos,O'Lynn,kolynnod@example.com,538-132-8755
879,Ulric,Broadist,ubroadistoe@nps.gov,461-550-1483
880,Rowan,Comfort,rcomfortof@dion.ne.jp,800-497-0134
881,Karissa,Surplice,ksurpliceog@ow.ly,822-898-8738
882,Ignacio,Beeching,ibeechingoh@dedecms.com,185-350-7236
883,Dorene,Bruckent,dbruckentoi@soup.io,659-328-5506
884,Gawen,Armstrong,garmstrongoj@weather.com,675-801-9867
885,Row,Matushevich,rmatushevichok@mysql.com,274-815-7828
886,Thedrick,Feldhammer,tfeldhammerol@ucoz.com,202-967-5708
887,Harrison,Cloke,hclokeom@tumblr.com,799-145-6072
888,Grayce,Birchenough,gbirchenoughon@goodreads.com,744-377-8072
889,Holly,Smoth,hsmothoo@seattletimes.com,563-952-9478
890,Armstrong,Scoates,ascoatesop@columbia.edu,394-238-2445
891,Obediah,Durgan,odurganoq@buzzfeed.com,165-253-3250
892,Franciska,Wakes,fwakesor@house.gov,323-871-9351
893,Nomi,Proudlock,nproudlockos@behance.net,278-194-1518
894,Blake,Durtnall,bdurtnallot@wufoo.com,357-375-2840
895,Giovanna,Dahle,gdahleou@bloglines.com,918-882-7330
896,Candy,MacTrustram,cmactrustramov@bbb.org,668-489-4606
897,Shayna,Roadnight,sroadnightow@boston.com,728-659-4181
898,Lebbie,Adey,ladeyox@cyberchimps.com,601-593-3380
899,Caralie,Boodell,cboodelloy@unc.edu,597-670-3848
900,Bartholemy,Ragat,bragatoz@rakuten.co.jp,479-688-0449
901,Tedi,Truckell,ttruckellp0@narod.ru,813-184-4917
902,Joy,Epine,jepinep1@amazon.com,663-184-4655
903,Dell,Letten,dlettenp2@tiny.cc,284-552-5494
904,Jannelle,Branchet,jbranchetp3@google.cn,289-209-1991
905,Jesselyn,Pachta,jpachtap4@boston.com,583-279-2005
906,Marina,Bandiera,mbandierap5@ycombinator.com,451-456-5921
907,Blaine,Fayerman,bfayermanp6@biblegateway.com,957-123-7883
908,Genovera,Pordall,gpordallp7@sina.com.cn,117-850-2464
909,Natka,Kelshaw,nkelshawp8@europa.eu,655-120-8590
910,Rivkah,Dacre,rdacrep9@typepad.com,280-513-7397
911,Cynthea,Miettinen,cmiettinenpa@alibaba.com,289-898-3896
912,Isador,Swinn,iswinnpb@fema.gov,450-141-1397
913,Wayne,Izon,wizonpc@barnesandnoble.com,219-866-7124
914,Stanley,Shireff,sshireffpd@blog.com,988-627-2974
915,Aliza,Batterbee,abatterbeepe@nbcnews.com,560-551-8144
916,Augie,Bramley,abramleypf@usnews.com,920-113-1913
917,Ameline,Schaben,aschabenpg@ft.com,218-393-9768
918,Eberhard,Torvey,etorveyph@toplist.cz,523-594-8819
919,Bartolomeo,Jelliman,bjellimanpi@indiatimes.com,377-901-7445
920,Nap,Lipgens,nlipgenspj@hexun.com,310-810-5388
921,Morris,Alenikov,malenikovpk@redcross.org,632-942-9176
922,Cynthea,Proudman,cproudmanpl@tiny.cc,809-403-0958
923,Ignacius,Akker,iakkerpm@cam.ac.uk,334-896-0260
924,Dorthea,McCritichie,dmccritichiepn@umn.edu,443-156-8517
925,Emelen,Tumielli,etumiellipo@google.nl,233-642-9334
926,Ynes,Shepheard,yshepheardpp@cafepress.com,887-532-5511
927,Jillayne,Sandom,jsandompq@artisteer.com,155-325-9267
928,Rodolphe,Tuddall,rtuddallpr@yelp.com,968-328-6621
929,Giacinta,Lippini,glippinips@multiply.com,738-515-3102
930,Con,Wayne,cwaynept@topsy.com,503-902-8101
931,Torey,Friedlos,tfriedlospu@weebly.com,739-590-4362
932,Cinda,Houtbie,choutbiepv@github.io,196-818-8919
933,Elmo,Bridges,ebridgespw@cyberchimps.com,838-241-9490
934,Roselin,Dionisi,rdionisipx@dyndns.org,711-114-8101
935,Reg,Digginson,rdigginsonpy@msu.edu,488-498-5730
936,Dulcia,Buckwell,dbuckwellpz@aboutads.info,132-386-7725
937,Donnell,Pasque,dpasqueq0@msn.com,712-445-6026
938,Louie,Adamczyk,ladamczykq1@ftc.gov,813-834-7186
939,Terrijo,Beardsell,tbeardsellq2@amazon.com,673-661-9844
940,Alexandros,Belfrage,abelfrageq3@delicious.com,310-236-6484
941,Marlo,Lloyd-Williams,mlloydwilliamsq4@nydailynews.com,499-441-5412
942,Virgie,Aliberti,valibertiq5@squarespace.com,136-413-6235
943,Buddy,Caig,bcaigq6@netvibes.com,233-421-8100
944,Ronnie,Fruchter,rfruchterq7@msn.com,914-859-5938
945,Marven,De Ruggero,mderuggeroq8@ebay.com,544-234-5835
946,Sigmund,Spreckley,sspreckleyq9@ustream.tv,712-334-2878
947,Vinson,Goodram,vgoodramqa@statcounter.com,924-896-6550
948,Nathalie,Durie,ndurieqb@ucsd.edu,752-283-2343
949,Blythe,Mawby,bmawbyqc@comcast.net,620-479-5973
950,Giustina,Shutle,gshutleqd@about.com,242-173-7097
951,Bevin,Bessey,bbesseyqe@mayoclinic.com,306-566-9673
952,Edi,Gauld,egauldqf@taobao.com,671-654-0841
953,Brodie,Grieves,bgrievesqg@twitpic.com,964-689-8704
954,Cassey,Goldes,cgoldesqh@bloglovin.com,674-607-0241
955,Gram,Ybarra,gybarraqi@symantec.com,209-743-3525
956,Woodrow,Binyon,wbinyonqj@indiatimes.com,137-858-1141
957,Prentice,Darrach,pdarrachqk@google.pl,365-258-0915
958,Manon,Oxborough,moxboroughql@tuttocitta.it,831-569-1543
959,Rona,Danielsson,rdanielssonqm@economist.com,182-661-1442
960,Mercy,Winsome,mwinsomeqn@upenn.edu,943-484-6195
961,Malinde,Charrisson,mcharrissonqo@i2i.jp,989-958-2163
962,Cherie,McIlvenny,cmcilvennyqp@cargocollective.com,741-458-6842
963,Montgomery,Lashley,mlashleyqq@infoseek.co.jp,512-281-2788
964,Camila,Reside,cresideqr@reverbnation.com,655-278-4412
965,Read,Witt,rwittqs@dyndns.org,592-522-9682
966,Ginni,Diggin,gdigginqt@i2i.jp,309-504-3951
967,Doralynn,Stenbridge,dstenbridgequ@networkadvertising.org,124-202-4786
968,Layney,Sweetnam,lsweetnamqv@europa.eu,508-285-8247
969,Maria,Birdsall,mbirdsallqw@apple.com,723-456-3157
970,Emmalynn,Ilyukhov,eilyukhovqx@fc2.com,598-286-8460
971,Jill,Whittick,jwhittickqy@wunderground.com,693-869-5471
972,Annissa,Whittock,awhittockqz@unesco.org,533-676-8649
973,Garnette,Blumfield,gblumfieldr0@i2i.jp,658-930-5912
974,Nelia,Gerge,ngerger1@accuweather.com,305-182-8286
975,Andree,Josilevich,ajosilevichr2@mapy.cz,930-505-9736
976,Jackson,Castanyer,jcastanyerr3@sbwire.com,581-204-8803
977,Dasie,Breakwell,dbreakwellr4@time.com,592-639-7667
978,Ettie,Scandrett,escandrettr5@reverbnation.com,884-476-3648
979,Lucie,Linklater,llinklaterr6@uiuc.edu,415-152-6944
980,Eada,Mellows,emellowsr7@adobe.com,737-902-7871
981,Mellisent,Shellard,mshellardr8@blog.com,316-587-8373
982,Humphrey,Freddi,hfreddir9@cbslocal.com,430-973-0071
983,Claybourne,Drable,cdrablera@i2i.jp,895-999-4038
984,Merv,Dunkley,mdunkleyrb@about.com,177-622-3695
985,Jonell,Kerrich,jkerrichrc@usda.gov,953-816-6792
986,Massimiliano,Shall,mshallrd@rakuten.co.jp,222-113-4253
987,Christel,Briant,cbriantre@1688.com,587-368-0136
988,Maressa,Renak,mrenakrf@cdbaby.com,533-750-4224
989,Roxana,Duham,rduhamrg@shareasale.com,698-151-5408
990,Libby,Sansum,lsansumrh@imdb.com,623-868-9579
991,Retha,Dahlgren,rdahlgrenri@gmpg.org,192-492-2238
992,Christie,Fairney,cfairneyrj@networkadvertising.org,558-860-4800
993,Paton,Hek,phekrk@xrea.com,832-104-8832
994,Devonna,Senter,dsenterrl@reverbnation.com,723-569-0223
995,Aileen,Baigent,abaigentrm@imdb.com,455-555-2496
996,Cletis,Idenden,cidendenrn@vinaora.com,388-339-2622
997,Fabio,McLucky,fmcluckyro@cbslocal.com,690-292-7324
998,Frannie,Van de Castele,fvandecastelerp@rakuten.co.jp,447-900-2900
999,Emalee,Coudray,ecoudrayrq@webmd.com,225-139-4597
1000,Marti,Widdowfield,mwiddowfieldrr@live.com,118-277-6316
